4.863916280888938e+00,-4.681152047914079e+00,8.257048922250076e-02
2.984506611477605e+00,-4.239000110192257e+00,-1.618430323989767e+00
6.380927257964524e+00,-2.260851293700963e+00,-1.983404629974597e+00
2.881521357774031e+00,-3.001270253505564e+00,-2.734227242709930e+00
2.360079303237121e+00,-2.681403861171516e+00,1.650294698069708e+00
7.305146540263267e+00,2.979431892533000e+00,-4.558958567912361e-01
4.032523972095070e-01,6.312659389204693e-01,7.957257302315446e-01
9.476847103459396e-01,-4.942293387070320e+00,1.430011150664243e+00
6.788174023589777e-02,-7.067723429580477e-01,1.126679836830559e+00
1.529431864754262e+00,-9.211507314964109e-01,-1.853494483880715e-01
6.899000871045946e-01,-3.860547305554565e+00,-7.043543158037089e-01
9.958023677799186e+00,1.761417886014572e+00,-7.793668732470098e-01
2.888099699540896e+00,2.020971883794910e+00,8.799525431591073e-01
1.492680126692473e+00,2.208932190520977e+00,-3.270803254361310e-02
2.409962579959180e+00,2.284709455585920e+00,2.193662610823989e+00
9.361255715401347e+00,-4.999471730677032e+00,2.354322002492633e+00
5.201602230243957e+00,4.539208038467223e+00,-2.069930192512240e+00
3.648180963078569e+00,3.142087670546630e+00,-2.285611375854266e+00
8.733914579092193e+00,4.039816965892854e+00,8.193331825120040e-01
3.949902705490325e+00,-4.843567046925658e+00,-1.248935459220699e+00
3.350085699576958e+00,4.338587957857394e+00,-3.024909386301160e+00
2.072825225497356e+00,3.097885286881047e+00,2.441913909884374e+00
3.777968239094115e+00,3.372191429586985e+00,-1.715933086655722e+00
3.166843560169260e+00,-4.067126152780315e+00,2.697249883328753e+00
6.773039592981410e+00,2.387780289185977e+00,1.366180947032904e+00
2.895827046707271e+00,4.599166896420909e+00,1.650300548691280e+00
5.771997464225614e+00,1.785473414181606e+00,-1.875772743259785e+00
6.589216503197270e-01,7.056140462460645e-01,-1.670105679530872e+00
1.912891566965144e+00,4.456296777489969e+00,1.336292383440822e-01
4.074052716113488e+00,-5.706287826556400e-01,-2.060257388052407e+00
9.369492539086954e+00,9.929356631047872e-01,-1.222508729776774e+00
3.772519857156954e+00,-2.366170650563379e-01,-1.121784335338606e+00
6.640741211998341e+00,4.328462213602991e+00,-2.138608202389968e+00
2.550872224213982e+00,-4.239152732344928e+00,-1.852390889515842e+00
1.270335759732317e+00,1.119700825348158e-02,1.813024694065883e+00
5.853660008005013e-01,1.869524413854383e+00,-2.091070116877061e+00
3.054134985427513e+00,2.919065384222369e+00,-2.962789587275407e+00
1.576610267969080e+00,8.301864744413638e-01,8.127610749372041e-01
1.740104480161242e+00,4.089177441214540e+00,2.990690142232149e+00
7.607593083869500e+00,4.419914468838718e+00,-1.060514880014894e+00
1.583807094487422e-01,-4.356807768064165e+00,-2.396056882654039e+00
5.578101257354344e+00,-9.762946045862559e-01,4.422566085609385e-01
3.794613805934648e+00,-4.765409782788455e+00,2.553198808666716e+00
5.065499999085472e+00,-1.705833426255571e+00,1.784812801349581e+00
5.628302372146029e+00,3.686821797060214e-01,7.697899043071246e-01
3.133676944572782e+00,4.107949305099488e+00,-1.162034303173449e+00
2.951088601842853e+00,3.465543224654029e+00,2.631408893912806e-01
7.334018493349057e+00,-3.725002733280143e+00,-2.568284407350963e+00
8.712769881211571e+00,-4.069696252591043e+00,1.124347260627323e+00
1.925816324585279e+00,8.926733875666706e-01,1.414319998642338e+00
9.761876053514895e-01,3.211797245878270e-01,2.921879860441480e+00
8.977958063920259e+00,-2.336223585699762e+00,-1.505467795094387e+00
3.498954636473987e+00,3.994530845538351e+00,-3.025627552635524e+00
5.513173906628142e+00,4.273664094615535e+00,2.865664335716955e-01
3.595431445200035e+00,-9.738856165983734e-01,1.299303058890320e+00
1.258023363460513e+00,3.903025571135203e+00,1.824683985563100e+00
5.893316449477281e+00,-1.160511057370273e+00,-1.924295036179653e+00
5.251408517696296e+00,2.368168318297002e+00,-1.496950872744264e+00
2.029935591911972e+00,-2.405778245227586e-01,7.911111664327253e-02
4.518690446522778e+00,-3.774168434928170e+00,-1.064366501844607e+00
7.969475040156459e+00,4.279342012370215e+00,2.265160475595705e+00
5.904261031078914e+00,-4.590340662246337e-01,-1.648698164915241e-01
9.691732706699485e-01,2.344870403224037e+00,1.882308134966488e+00
5.480214972291351e+00,-1.328261855687078e+00,5.065488945310626e-01
7.027382992895869e+00,-4.811191214237653e+00,1.715875965344231e+00
7.927034057807514e+00,-3.994696413081641e+00,-1.051346632526910e+00
6.291175786342667e+00,-3.780520510075647e-02,2.082352049467623e+00
1.526581645407837e+00,1.899643571263624e+00,-1.416403914761337e+00
7.101732665901607e+00,-1.652646734207210e+00,2.896473531247694e-01
6.773418460815163e+00,1.954884591776503e+00,-1.796946304463788e+00
2.442688294063322e-01,1.986355894319560e+00,-1.537713997338792e-01
4.117476675902432e+00,2.039359073278309e+00,-1.142438852095923e+00
3.329502469623733e+00,-7.478145979491568e-02,-1.465845576835659e+00
6.694120642536435e+00,4.148861501215039e+00,2.934153403946759e+00
2.161358123109207e+00,-1.080348201938444e-01,-2.135817385935652e+00
5.908719229742585e+00,-4.973480650336182e-01,1.805321480285376e+00
9.132059618141724e+00,-3.006191809893730e+00,3.042098159676136e+00
7.978023722086077e+00,-1.923449126436635e+00,-3.016547943363062e+00
9.214577362165304e+00,-4.576655074816967e+00,1.250526123635240e+00
9.785059669326900e+00,1.335352936161702e+00,-1.552500912906269e+00
1.067012700616277e-01,-2.514642560729071e+00,-2.887200150650522e+00
6.227412763774776e+00,-1.958447455145349e+00,-6.101627706737207e-01
4.128393977589065e+00,2.708145216643212e+00,2.734554150288516e+00
8.598544903351218e+00,-1.727788168385461e+00,-3.067670385525492e+00
2.518147020091317e+00,-2.578041079868578e+00,5.522020882445160e-01
9.810294891150761e+00,-3.309422508662943e+00,8.774333791932598e-03
6.137079695437473e+00,2.748584021819559e+00,2.346041895509694e+00
7.935374022288309e+00,-3.702937420099731e+00,-2.613794315135904e+00
8.559955282276832e-01,-4.624623974964646e-01,1.140561683854444e+00
1.834578847588650e+00,6.930116077194448e-02,1.131662610876514e+00
7.584036730342032e+00,1.873899126857146e+00,1.062361077686774e+00
2.198652203932361e-01,1.332834823329955e+00,2.779269599434527e+00
8.168779858937828e+00,3.107206729451748e+00,2.030018815188989e+00
1.394901869191145e-01,-4.552485660737618e+00,-2.877870236754325e+00
6.571188390612734e+00,-2.035592752206028e+00,-1.816918075789213e-01
3.650939202318058e+00,-2.198658812246203e+00,-6.411798579183623e-01
6.114948527191991e+00,-3.539830944078918e+00,-1.192880190969487e+00
6.960314069891137e+00,-2.108217461435569e+00,-3.057603735110179e-01
3.424752191863042e+00,-1.902346858570966e+00,-7.276293957590547e-01
1.079624481108356e+00,2.188446192747833e-01,-4.251586460765129e-01
6.964586774826564e-01,1.637044789262561e+00,3.011291112283700e+00
5.889360225625478e+00,-1.188994863881859e+00,-2.584695248911608e+00
5.206553537341115e+00,2.194702313133812e+00,2.652954797608364e+00
7.422010091211325e+00,-1.638346614204200e+00,-1.241763915404253e-01
5.097355100039371e+00,-2.097163226852397e+00,7.774954588001264e-01
4.224457900308791e+00,4.118805585702434e-01,2.074600764533262e+00
3.980871782362309e+00,-4.762836396942093e+00,-8.767366450577438e-01
2.644690259766747e-01,-4.202108763659997e+00,-4.371720448032774e-01
3.355572016966572e+00,-8.203045641347293e-01,-5.685121552840644e-01
9.760201575244942e+00,4.429127113917565e+00,-7.870881986487244e-01
8.735555762270888e+00,2.215117798434236e+00,2.673679581545866e+00
3.293780670342177e+00,-4.118734304994423e+00,2.066727459436113e+00
5.877954050663722e+00,3.463180127808737e+00,-2.456725518800018e+00
8.472967455354940e+00,2.323007706081810e+00,-2.462233593942704e+00
4.412743367500687e+00,1.109465257026532e+00,-4.532092044754212e-01
1.795786375015096e-01,3.202929606091773e+00,-2.521710073657326e+00
7.451046181864007e-01,-9.589015225704287e-01,7.482839863940378e-01
5.103927213487066e+00,-2.784989491461473e+00,-2.238751658077847e+00
9.694393756758783e+00,1.202338910875937e-01,1.405753634298548e-01
6.932095422188677e+00,4.884175559347383e-01,-3.096228388657419e+00
7.091619143856953e-01,3.832637200991211e-01,-1.152359128936742e+00
1.893608757918628e+00,6.507379148010530e-01,1.113322151548546e+00
7.713231432168500e+00,4.487049182391807e+00,-1.002862962473978e-01
8.414397599562447e+00,4.022456230962314e+00,3.005055807301175e+00
6.176945861885908e+00,3.757170365589394e+00,2.350563474803324e+00
6.444231696298166e+00,3.014168109086272e+00,-8.854844104683379e-01
2.833745038338464e-01,4.434281072652853e+00,-2.855792284536783e+00
8.285302595815086e+00,-4.015053583205967e+00,2.171634090657529e+00
7.882752081708296e+00,-2.348767385542605e+00,2.583861376377274e+00
2.590351441033472e+00,-4.944054345415161e-02,2.014561327409781e+00
7.086767199655069e+00,3.465344931234052e+00,-2.337659464748230e+00
2.148546064249981e+00,5.165711522732508e-02,3.128493056761635e+00
4.033016105151299e-01,2.480347393415887e+00,-1.516860072060934e+00
2.011365425903773e+00,-3.610400947510838e+00,1.408721013955031e+00
1.786288767542995e+00,-2.475861870234398e+00,2.563758739809445e+00
3.377479967348473e+00,2.317760950376724e+00,-1.660726839735524e+00
4.184494971754581e+00,-3.352659911122760e+00,2.565164152277315e+00
5.085388914977079e+00,-1.486440653450733e+00,-1.197062542349870e+00
4.767538755083281e+00,-2.351337421864286e+00,2.993392559029583e+00
2.706746059652894e+00,-1.501383057775215e+00,-1.374383826038164e+00
2.917066857407447e-01,2.083240490779703e+00,2.849021311867288e+00
6.051016222371507e+00,-1.321528188571990e+00,-2.805161689822878e+00
3.957448298473544e+00,5.526332260794025e-01,1.314894828927685e+00
2.986721573875497e+00,-4.000681229455903e+00,2.017602043215390e-01
8.669410428305124e+00,3.050176932346279e+00,-1.390024239743259e-01
7.467433077981598e+00,-1.301113743518751e+00,-1.737336462019322e+00
8.577655483724422e+00,1.485341590333425e+00,1.291796445541637e+00
4.949827947124610e+00,2.253896016618326e+00,-1.942701260463947e+00
1.309312521267775e+00,-2.903390778882996e+00,3.320147961364772e-01
6.962214361212724e+00,3.846749849533499e+00,-1.550405109423929e+00
2.060737799371752e+00,1.162242516069529e+00,2.862753559079107e+00
4.412296690917168e+00,-7.127485824851849e-01,-2.961697557154609e+00
6.500078894888850e-01,-3.176648164217805e+00,-1.886662858566623e+00
8.253084024229825e+00,4.423009379012067e+00,-1.619110211762406e+00
1.259406410475006e+00,2.550682041316251e+00,-5.399277745496520e-01
9.030975070493097e+00,-2.919754372667511e+00,-1.679305417335521e+00
8.642306022615571e+00,-1.622892252757755e+00,-5.435526891690534e-02
4.645827644392461e+00,3.096742580880733e+00,2.340269903169008e+00
7.443682043039907e+00,1.956776632153390e+00,1.332433773588335e+00
6.194450738181533e+00,2.657842927157244e+00,5.024159412311899e-01
8.030756423377449e+00,-5.879889778706762e-01,-2.582369193396731e+00
4.318051007859120e+00,2.164762626421669e+00,1.218888365140287e+00
7.858084842443500e+00,-1.135062771360863e+00,-2.095980867502489e+00
4.624568170651480e+00,-2.887370830618035e+00,1.799299351929966e+00
9.409657878427938e+00,1.326770348413600e+00,-1.570439702557845e+00
4.863721008251476e+00,4.760139255987943e+00,-5.211982114259777e-01
4.626192719337295e+00,-1.893990286046704e+00,-9.395234277815314e-01
7.850718615635127e+00,-3.903040778746032e-01,2.254494316696650e+00
8.215776917608380e+00,1.740013710698536e+00,-2.346490369896713e+00
5.544891143211707e+00,4.150628212248790e-01,4.124589604916360e-01
1.797978134950754e+00,3.434277957090492e+00,-2.248993236422860e+00
4.677582309575795e+00,2.617427064695159e+00,1.286770188557314e+00
9.680725029096784e+00,-4.417027961376430e+00,2.545180940818099e+00
7.529861930391851e+00,4.984212339237740e+00,-4.108722284232753e-01
8.111626038791321e+00,2.524024537194673e+00,-7.481853534482230e-02
3.282549881924013e-01,3.639033162941132e+00,2.685576886141514e+00
4.678594626341599e+00,1.511977120953464e+00,1.318927847389371e-01
6.466211336575554e+00,3.562851280467623e+00,-7.792131183307616e-02
8.300326836280746e+00,-3.876170250712906e+00,4.921562672362447e-01
4.927365358277147e-01,-1.522621644406844e+00,1.188965499197166e+00
8.524388856418732e+00,3.764209436044927e+00,-2.470024601661193e+00
5.484009367419117e+00,-2.983447887331078e+00,2.017596949886177e+00
1.973139705760599e+00,-4.217579014199773e+00,-4.052338638926321e-01
3.172552164497000e+00,2.881189399452190e+00,-2.687013559205575e+00
2.819295517515608e+00,3.354861556432962e+00,1.798138742275649e+00
5.308590342884758e+00,-3.373477818100994e+00,-7.731461299488473e-01
5.168567991113182e-01,3.543459827827155e+00,-2.510965083090131e+00
1.585361584999235e+00,1.867677955971696e+00,8.405584956667487e-01
8.126930433757824e+00,2.008268321658395e-01,2.388435734692548e+00
1.326039907468111e+00,3.302501927813850e+00,2.436327153157280e+00
2.333962694581269e+00,-8.075075068103423e-01,2.875584420552495e+00
4.533706056041574e+00,-3.060060437766028e+00,2.310361542175769e+00
5.171208881133305e+00,-2.151473233893864e+00,-3.128140860614447e+00
7.636104796141586e+00,5.164018293314854e-02,-7.524669435963518e-01
4.473324266661878e+00,3.133079267317571e-01,2.001462057773336e+00
7.898646210355388e+00,3.055808264412336e+00,-8.403571475898231e-01
6.183463070454574e+00,2.913527236523344e+00,6.380480832510020e-01
1.130997394238225e+00,8.136655720457489e-01,6.680090816478450e-01
1.563314383928386e+00,2.807854833654764e+00,-8.480710265042988e-01
4.370337254497708e+00,-3.082265417063290e+00,2.541384637031011e+00
3.968893930890396e+00,-4.499354729067057e+00,2.028429229655515e-02
7.435442696372946e+00,3.736338226347002e+00,-2.212673598341572e-01
5.807371397973519e+00,-4.244455062372304e+00,3.125971056862705e+00
3.881330810022493e+00,-2.533115702560027e+00,-4.083841696095147e-02
1.707602834503856e+00,1.953189496243846e+00,-2.020683378245610e+00
2.268371023254951e+00,-9.055206237269084e-01,8.211760570887083e-02
5.755010184690590e+00,3.763139699155088e+00,1.973025338827322e+00
4.234388048997925e+00,-2.020202053377305e+00,1.739564738108220e+00
5.149275088606720e+00,-4.881286533306407e+00,1.813212706449495e+00
1.706774353022337e+00,-1.993443594392559e+00,1.307051983159579e+00
6.629062523445658e+00,7.807504918483161e-01,-1.544294925174886e+00
8.525387408559670e+00,-1.240616245967066e+00,2.275041408114895e+00
2.579395067869006e+00,3.487275575875524e-01,2.472078200857969e+00
4.915142258318266e+00,3.765981188350187e+00,-1.921695282846830e+00
9.755273290209018e+00,4.124850542303685e+00,-2.321915714771315e+00
3.332417405507276e+00,-2.340259353458879e+00,2.988314150660718e+00
5.950463449237612e+00,-3.785952673009927e-01,2.314247716690139e+00
9.019570020024437e-01,4.914401524145120e-01,2.470775582401446e+00
6.060150024794432e+00,4.491124568882471e+00,2.427674422913168e+00
8.963177330461791e-01,4.986173191643847e+00,2.619260402717027e-01
9.592354353238221e+00,-2.645927511584734e+00,9.198692407641271e-01
7.156626520723114e+00,2.269798713458155e+00,2.850232060178572e-01
7.881597881357064e+00,-1.219689377668049e+00,-2.819853672722810e+00
7.041043607716368e+00,-4.918918031137868e+00,1.542541378755797e+00
5.897290360764657e+00,-4.907474775640976e+00,3.350215351339481e-02
4.499127810855054e+00,-3.943399243774426e-01,9.280834884590625e-01
8.583733797610623e+00,-1.166508699566542e-01,1.658638383610267e-02
9.568356675430630e+00,-4.774303034265573e+00,-5.145097926877407e-02
4.990361729040814e+00,1.869274167743025e+00,-2.062209844985623e+00
9.315350491552620e+00,-2.059966114050469e+00,-1.390382733705489e+00
5.833329099885175e+00,5.989310153594936e-01,-2.143491753561605e+00
5.383841868964332e+00,-1.990809268345812e+00,-1.912185059806384e+00
4.544827329553566e+00,-3.328656851306928e+00,2.971804527285149e+00
2.092877615301199e+00,-9.282626140112473e-01,-2.179552500782278e+00
3.719660818059189e-02,-2.677266352094993e+00,-1.449716679937300e+00
2.415062268560613e+00,3.480097691916804e-01,5.691916064855045e-01
5.097231716035652e+00,-3.011714697135201e+00,6.922724113760341e-01
3.799599522597525e+00,8.405976644627078e-02,-2.174144663897603e+00
4.484852280026338e+00,-3.426214851311324e+00,1.845481014156257e+00
9.806482195640495e+00,1.709747094857850e+00,1.791982469235342e+00
3.502723706693276e+00,2.539376844414241e+00,-1.650481541402314e+00
4.521829393601079e+00,-3.896057657500662e+00,-1.327848781941485e+00
1.335155513528196e+00,-3.219758796266081e-01,2.751958920978061e+00
4.795773243698764e-01,-4.291282993451264e+00,2.046254044346187e+00
7.754095145924946e+00,9.818244554200239e-01,1.242795411942165e+00
5.706831750719786e+00,-2.355957020703547e+00,-2.624906084432344e+00
7.607048060438951e+00,2.762445683870780e-01,-5.135619259417554e-01
1.498627988865516e+00,1.746100938429116e-01,3.726046513213630e-01
5.718287711826910e+00,4.243543461938003e+00,-1.964052802530524e+00
2.536424743413756e+00,4.908322256872291e-01,-3.253019786000726e-01
2.280618169000199e+00,8.299847971831564e-01,6.347643090818615e-01
1.152601405298526e-01,-9.834687423561972e-01,-1.084624307175485e+00
1.303407235690719e+00,4.490796031828168e+00,1.765228358557930e+00
3.092681114996954e+00,2.771859094396096e+00,2.139107809188380e+00
1.168787605909390e+00,-2.145947096971584e+00,-1.108294389977458e+00
9.858584404109376e+00,3.442095857762320e+00,2.127845657278254e+00
3.086326485239507e+00,-6.760363981491002e-01,-2.490801895283214e+00
1.303239467023282e+00,3.286671435335940e+00,2.122014510272880e+00
1.990823128279577e+00,3.228880682935021e+00,-2.181833385670485e+00
5.877032283414765e+00,-3.111298132371456e+00,-2.620545987374442e+00
6.404352386478851e-01,2.011411313835769e+00,8.908011381032050e-01
8.624341301411569e+00,-2.093570306934689e+00,-1.763227311670894e-01
9.614996792371473e+00,-2.025073300073318e+00,2.562852227450571e+00
2.467474206673809e+00,-2.036519231194193e+00,-8.596076329854037e-01
4.500952685908594e+00,2.255682475599482e+00,-1.337361771035123e+00
2.213445102949707e-01,-2.701739582074639e+00,4.617551487382965e-03
6.407102247272215e+00,-4.990941647539097e+00,-2.767982783035663e-01
4.139260580525889e+00,2.152368534826331e+00,-9.774874142173844e-01
2.700584661015557e+00,-3.288152561648747e+00,1.217312481375229e+00
2.068371106166085e+00,-3.955176046921653e+00,1.630875101152457e+00
6.540230776587604e+00,-2.624838794059399e+00,2.217863687880088e+00
4.162170310323145e+00,-1.200994776772960e+00,2.971045671118851e+00
1.796592890299120e+00,-2.409367252679928e-01,-1.466142385114384e+00
6.891090814868241e+00,-4.554299592873692e+00,1.357755394158195e+00
5.650722830366936e+00,4.705733326273604e+00,-6.643951010883775e-01
8.586720549294961e+00,2.160630534195581e+00,1.112638844329590e+00
1.174758988764929e+00,-1.768059346756639e+00,-1.509114903010684e-01
7.856666019444561e+00,-1.813027427146027e+00,3.102467904391944e+00
6.735167868172590e+00,-5.145745063154061e-01,1.438234536382466e+00
1.150109368280978e+00,1.262448227630330e+00,2.843086690515531e+00
6.948207298717207e+00,-3.536269334110322e+00,2.104675751652752e+00
4.415472888798304e+00,-3.110701862350477e+00,2.531501713589492e+00
9.449847855558431e+00,3.594345828335509e+00,1.975554080234446e+00
1.416113506178993e+00,-2.437450761109274e+00,-2.566107519545109e-01
6.428333908157380e+00,-1.198050020248225e+00,-1.559559143003177e+00
3.819800454629459e+00,3.712718509501171e+00,-8.148023682469057e-01
9.568146705908777e+00,1.631478293998225e+00,-3.014444653993789e+00
3.299748952902765e+00,-1.582881206583116e+00,1.507535172866961e-01
9.621859094918001e+00,1.836995457246208e+00,3.177909634568099e-02
9.014858511007491e+00,-4.803167846185863e+00,1.586533496223783e-01
2.703832353106563e+00,2.356426600113652e+00,2.978426027888813e+00
8.035417768264278e+00,-1.298395948376054e-01,2.585241749087665e+00
9.956042018035060e+00,3.131821472844612e+00,-2.125521300802869e+00
2.526630021712823e+00,4.546376520064683e+00,-8.238354140744732e-01
4.367771693233196e+00,4.257885494945683e+00,-4.777974158982339e-01
5.201807365667596e+00,4.092650434553407e+00,-8.762975213897350e-01
2.949311358038643e+00,1.216995593388717e-01,1.875505452768519e+00
1.526483964602976e-01,-1.398578858610620e+00,1.510331341308557e-01
2.201292441975267e+00,-3.496467526932721e-01,4.530165106464517e-01
2.819368843417585e+00,1.898960033133608e+00,2.218049607068107e+00
4.435997013181872e+00,3.839977768711867e+00,1.922203278591963e+00
1.711024784134019e+00,-2.930136969998804e+00,-2.310883155965448e+00
8.732543566916727e+00,4.181931584617031e+00,1.344064971705723e+00
7.049111327313361e+00,3.151802319698891e+00,-4.056667662573670e-01
8.520047755966198e-01,4.788560151782345e+00,-1.290258995090908e+00
6.500924511399314e+00,3.802517732816872e+00,-2.827315133014729e+00
6.536564764056204e+00,-2.200626703080934e+00,-8.011337509754224e-02
9.562211736436277e+00,-3.940440886559523e+00,-9.083181236287361e-01
3.020871356161248e-02,-3.877589280084114e+00,-1.561289618130955e+00
2.479324498058072e+00,-2.087766814217239e+00,1.223158551126841e+00
9.277914793753155e+00,1.141837239845392e+00,1.693226626080897e+00
9.321339153982830e+00,3.043203260971726e+00,-1.603534744272553e+00
7.205864193706374e+00,3.992503069815648e+00,-2.830905245968426e+00
7.657633210475399e+00,1.237533843692328e+00,2.191277844030687e+00
9.148295792964711e-01,-4.943686872519462e+00,-3.079013753991604e+00
5.138758347782336e+00,-3.136832234814665e+00,2.746458799392019e+00
2.315829912889994e+00,-4.002737961466321e+00,8.018593171122483e-01
1.812180436136173e+00,-1.366755244309900e+00,-1.119370604127669e+00
8.103032991233325e+00,1.350993633745912e-02,-1.592926273592906e+00
1.350381366805474e+00,-4.566028214214391e+00,-3.085008396201850e+00
4.686516369963853e+00,-1.515220242043447e+00,-1.662082105966292e+00
9.385782395860330e+00,-3.208203253746774e+00,-2.276220213114492e+00
1.858320555653425e+00,1.470701662588739e+00,7.047611500095310e-01
9.779934237382346e+00,-3.572763067565994e-01,-2.095155858361645e+00
9.942879857610590e+00,-4.682353066091238e-02,1.798865745570248e-01
5.556171546824029e+00,-7.230821196653894e-01,5.662181808103690e-01
1.701427401771579e+00,4.560197104865670e+00,-1.268941433609609e+00
3.161048879408956e+00,-2.852648748784368e+00,-2.921273081118378e+00
4.244928326765351e+00,1.666425984387434e-01,-2.907519618279254e+00
3.093242243582229e+00,2.360173683653359e+00,-2.976047483065591e+00
2.806355798765158e+00,5.684441313456254e-01,1.502464595136557e+00
9.722297092163576e+00,4.290208857168011e+00,-1.143478748760078e+00
1.533648274157456e+00,-1.220316443587159e+00,1.861708974986603e+00
7.333279087168623e+00,-3.632419422682194e-01,-4.289353181932505e-01
4.102894391748713e-03,-4.114776847852716e+00,-2.953216422747076e-01
5.961826694023769e+00,1.089991110519285e+00,8.094377880638870e-02
9.159430039540524e+00,-2.117880315518939e+00,1.338516116663122e+00
2.879340940932190e+00,-3.396909604844311e+00,-1.423123465537068e+00
1.855259752577192e+00,4.453129290450804e-01,-2.377636805461828e+00
6.516797948784269e+00,3.231026337991061e-01,3.522186248346322e-01
7.126014072983931e+00,-4.241283587759525e+00,-1.087131655454511e+00
6.880305189519813e+00,1.982154534944728e+00,-3.613377329961871e-01
3.193168800213741e+00,1.237721906508529e+00,9.232933987633611e-01
2.522024021593309e+00,-3.109827172535028e+00,-3.690905695173807e-02
9.559187999620441e+00,-3.056513784595616e-01,7.557340963729566e-01
9.232995082699295e+00,2.203229164785600e+00,2.777168038576532e-01
4.573166098928203e+00,2.943574054127653e-01,1.506685040863870e+00
8.461938661543734e+00,-1.045109238164298e+00,1.293937930615910e+00
4.523234776342960e+00,-1.776615419190564e+00,2.148214258659760e-01
4.243890180725104e+00,1.103938666440536e+00,1.124080832075753e+00
1.567629475992947e+00,4.391086983102406e+00,2.347144204355130e+00
4.264060564919729e+00,1.717448404774834e+00,-4.255520494435738e-01
5.374169385998070e+00,-4.252540963636845e+00,-5.481257795482741e-01
2.250432742868647e-01,-3.931502651786625e-01,1.660304202426222e+00
4.441130051754064e+00,3.908241315106276e+00,5.187010559535548e-01
7.813562183952003e+00,-4.055375741989131e+00,-2.695443895385095e+00
6.800460563742698e+00,4.888757121375434e+00,2.463712455758774e+00
6.351569888639350e+00,4.490693936454214e+00,-2.948176717900846e+00
9.095554284372025e+00,-4.217255192701241e+00,1.560720335694005e+00
1.803200982523001e-01,4.334133204495549e+00,1.626051555023876e+00
5.570475861922342e+00,-1.368674097405378e+00,2.846980913563621e+00
7.873488484097071e+00,3.447091670758626e+00,-2.801456134103472e+00
5.413353827012672e+00,-8.161666228672848e-01,6.085696045806523e-01
3.238955525803791e+00,-5.914488729748415e-01,-4.533910664105640e-01
1.362505650919779e+00,1.342430909775426e+00,-1.064164529546947e+00
8.875630718161913e+00,2.744774192759833e+00,-2.574104402553044e+00
4.707623923876030e+00,-4.662108490517514e+00,3.936674441530412e-01
8.781151969857014e+00,9.315599552713429e-01,-1.316910044904138e-01
5.858521224331684e+00,-3.132670059026290e+00,-2.484657618335155e+00
6.741921166150008e+00,-1.540504821367970e+00,7.067924182042682e-01
8.042611543784501e+00,-1.520313338447835e+00,1.495103548970800e+00
6.591555446001344e+00,-3.093965977884636e-01,1.679359094108205e+00
3.980548406789377e+00,-1.658635881238266e+00,2.547034860415028e+00
5.136333839286510e+00,-3.926388815493322e+00,-5.688121044343037e-01
8.030455246758798e+00,-3.543712614745486e+00,2.846740162889787e+00
3.736502963729842e+00,-4.665620144389023e+00,2.296060668826910e+00
3.881214567684971e+00,-2.975091467124571e-01,-1.278618338976515e+00
9.569011605800115e-01,4.544476948529885e+00,-2.140787813632739e+00
9.145844352217477e+00,-3.843247763518835e+00,-4.059603969364667e-01
9.103631494544173e-01,4.462644930030820e+00,-6.163885967864045e-01
6.482091774485559e+00,2.333615147320936e+00,4.757584267268680e-01
4.131944788027977e+00,1.374988029341631e+00,5.239311497827694e-01
4.056193902554424e+00,1.452777553235629e+00,1.570714547242393e+00
6.795518365726839e+00,3.267276483962821e+00,6.214037725425703e-02
6.709373262987872e-01,-3.930801356201786e+00,-2.482972576171014e+00
5.937057829514346e+00,4.754323565541707e-02,2.251210855237027e+00
7.720317859723548e+00,1.970911382607586e+00,-1.195284375836017e+00
8.282127578865943e+00,8.682044507356368e-01,2.961249277909434e+00
1.705303893937753e+00,3.327790710232946e+00,-2.401055750430472e+00
8.974190500781736e+00,-4.277282909886485e+00,2.879277032369086e+00
6.561460918474422e+00,1.907010394991659e+00,-2.569748605805696e+00
8.818548008206829e+00,3.402773038471771e-01,-1.689949786213313e+00
4.852807171101983e+00,-1.208391360200566e+00,-2.848922245862359e+00
5.420333450972020e+00,-1.597250177659691e+00,1.288763909271505e+00
9.190382770286710e+00,1.208326327741929e+00,2.200991874751455e+00
8.999095433546717e+00,3.909953746442648e+00,-4.142436100520768e-01
4.481608733690020e+00,-3.824073898884706e-02,2.692483605708702e+00
2.744126316356818e+00,3.247231640769201e+00,5.673658009067384e-01
3.931704345642641e+00,-9.784361815603244e-01,8.168589232661008e-01
3.877643285297498e+00,-3.976055372068235e+00,2.170332852943980e+00
2.868668749827940e+00,-4.384942635413615e+00,-1.276741966040190e+00
2.685796043329666e+00,-4.486656286763225e+00,-9.156754785066767e-01
8.610629364797195e+00,-1.198498580423300e+00,2.550671134105144e+00
6.986192068466168e-01,-1.627622491641580e+00,2.519327947026121e+00
6.776111820995942e+00,2.179370236225695e+00,2.993829578549451e+00
1.728200514564523e+00,2.428215015848658e+00,2.524824605728089e+00
3.445058933940632e+00,-4.491460311662602e+00,-2.341290548239431e+00
6.154303413483686e-01,-2.788767371109850e+00,2.034019678233119e+00
2.699736368554620e+00,-2.257381498411003e+00,-5.665015496147494e-01
7.684210711172421e+00,4.761198414280940e-01,3.083795868423335e+00
8.850153245472587e+00,-3.554847760930497e+00,-1.741638376584640e-01
2.215271519023671e+00,-3.660587805999996e+00,3.382620825740603e-01
4.635478392589219e+00,4.437888892079581e+00,1.870813100640341e-01
4.703240479372064e+00,3.042029072977810e+00,-1.120059274808662e+00
8.735753057597343e+00,-3.193450979088297e+00,-2.670214966943889e+00
7.627990528758054e+00,-9.343219209450906e-01,2.485949997628859e+00
5.130772183680499e+00,-1.443780007424345e+00,1.901768218103808e+00
6.707472004717734e+00,2.910040740654073e+00,-2.264920036019209e+00
8.473550539093669e+00,1.021291647812204e-01,1.738986336040271e+00
9.538954025544943e-02,-3.721502630065330e+00,7.907179230867287e-01
4.028900310500486e+00,2.389920631562439e+00,-5.708664168219881e-01
9.072431672770787e+00,-1.031120217750811e+00,-1.545530701879678e+00
7.403130308439514e+00,-2.370757523678529e+00,2.260242607070813e+00
5.428413743340746e+00,-1.245013779792798e+00,1.257819929466251e+00
5.296445270351334e+00,-2.243436393103693e-02,2.999586977425643e-01
3.477700976044378e+00,-1.568844835829906e+00,6.884394023200380e-01
5.205205336415145e+00,-2.580942274082422e+00,-2.569406956350093e+00
6.553831994634533e+00,-1.014979711960197e+00,-1.638669750505297e-01
4.183630384287930e+00,-4.808270892501017e+00,-1.924537819962286e+00
7.141531463921740e+00,2.724978460963139e+00,-1.832279383385514e+00
8.612322272603858e+00,-3.290551064324142e+00,1.013502685830691e+00
1.546848481848612e+00,-4.560953863693627e+00,2.583998610692416e+00
4.515470228174244e+00,1.536986929050792e+00,-6.047150509556150e-01
4.080200912850811e+00,2.739361288236722e+00,-1.836265473822358e+00
6.874648040497281e+00,3.138291315928432e+00,9.346045705333097e-01
2.498674652579294e+00,-6.490817339400046e-02,2.332236995843704e+00
6.402509149522762e+00,-2.946318153100147e+00,1.560233042709284e+00
8.774892417314881e+00,2.372276772498267e+00,2.316970012823720e+00
4.181315997936227e+00,1.997130771543372e+00,2.296797718038381e-01
9.110156999792201e+00,-2.537292658968267e+00,1.582585117848075e+00
9.931637389334785e+00,4.034077558627930e+00,-2.261541072169140e+00
1.060920499479521e+00,-3.956285419171710e+00,-9.533187074761664e-01
2.330531879848587e+00,4.826882395913257e+00,-6.939830668954072e-01
9.503797514820931e+00,3.602478109774646e+00,7.097326684671357e-02
9.583276864813868e+00,1.878986454790752e+00,2.695966282423770e+00
9.770727538675850e-01,4.387498882798329e+00,2.351774647715825e+00
1.499850037713668e-01,2.223111683237078e+00,-2.296344056997288e+00
1.611000232564223e+00,-3.095430029699541e+00,-2.055923251649225e+00
9.960127833822483e+00,-5.784386188718829e-01,-8.944708071611132e-01
1.799996166106869e+00,-4.284969756683647e+00,-1.314795067272919e+00
5.025476067220231e+00,-1.103425777118846e+00,7.211271665624239e-01
8.484177264305110e+00,2.416030197372087e+00,2.530716545398052e+00
2.040161068820634e-01,-1.135566490691826e+00,2.904663422270596e+00
6.044889822584595e+00,-1.697058245318659e+00,9.651158145087386e-01
2.770254488696243e+00,9.535572251031184e-01,2.124716925730890e+00
8.623349164397316e+00,3.722045289988950e+00,1.583500941987426e-01
2.834611492640792e+00,-4.524168074538876e+00,-1.832635841989209e+00
6.867557202819089e+00,-1.145295653002646e+00,1.551218681233317e-01
6.742196324473969e+00,-3.417592581847373e+00,3.460941920342786e-01
2.214935488596400e+00,1.953542507318696e+00,1.523405805081170e+00
3.479919986835012e-01,-3.942754395688651e+00,-1.760027083361857e+00
4.092495737853973e+00,1.648077585802445e+00,-8.274302723807407e-01
2.891931519658697e+00,-2.138191292020927e+00,-8.543406076110611e-01
8.089777496137087e+00,-3.010831862627753e+00,2.886744117497416e+00
8.003641884553453e+00,4.363525578249854e+00,-3.522042016685285e-01
4.570239521926255e+00,-4.814754232540441e+00,1.602802667277864e+00
6.065122253232190e+00,-6.222272811043101e-01,1.575894386325291e+00
6.042595159869252e+00,-4.783730075382062e+00,-1.473129333227086e+00
8.271581484276233e+00,-1.640695189567101e-01,4.515705762920281e-01
4.250024141231975e+00,1.047377794418214e-02,2.477478145878130e+00
2.754466797905091e+00,-1.783375286052530e+00,-1.558373246926412e-01
2.650349181405475e+00,-3.678382224749763e+00,2.796755782103087e+00
5.361922792822042e+00,-1.236124622655247e+00,-1.794111858096471e+00
4.491482027322125e+00,1.722629399325660e+00,-2.675637249796826e+00
4.401207709849362e+00,2.823958086444591e+00,2.459577224181631e+00
9.113733908970723e-01,3.075060238814231e-01,2.184545394618796e+00
7.186037406901956e+00,8.983439443975563e-01,3.095033470932949e+00
2.137366879819107e+00,-2.993836288753473e+00,1.127162528711692e+00
1.969536302087214e+00,-2.126696667723506e+00,2.743791164657750e+00
4.127583202773934e+00,-3.381043899476416e+00,2.054281310605175e+00
2.277783416178014e+00,-2.507046499953887e+00,2.164094475665872e+00
5.838582673080154e+00,-2.751132197744682e+00,4.344292995935808e-01
3.714633393344715e+00,1.944878639123759e-01,-7.391250299738852e-01
4.489117225927901e+00,6.268875579072937e-01,2.730408896520229e+00
5.371693216040288e+00,4.449474208215046e+00,-4.265203647800639e-01
2.035355224818049e+00,-3.044293528984769e+00,2.439092779371292e-01
1.557516228655298e+00,1.416757101614960e+00,-3.385737937382123e-01
8.804219028736048e+00,3.172592689875229e+00,4.072654779108640e-01
4.337237028314211e+00,6.024146378305248e-01,-1.853220543118321e-01
4.120936096325392e+00,-2.449963474989243e+00,-2.840203594301954e+00
3.561215027284148e-01,-2.374497699799998e+00,2.400479548958185e+00
4.979763025873932e+00,-4.607469469290001e+00,-3.493839399768026e-01
5.541697216110001e+00,-1.945557734515183e+00,5.588494254683187e-01
5.588408709546665e+00,2.446036790033801e+00,-2.267049896362199e+00
7.070311693228843e+00,-4.524822427928896e+00,-3.120306176922317e+00
1.774818349910118e+00,-2.807047174951693e+00,-1.600389541211351e+00
2.522231342306188e+00,2.062324985317820e+00,1.285451951154437e+00
8.107304652304126e+00,2.826515628228766e+00,-2.518335039431971e+00
9.471706168433940e+00,-4.468158993807156e-01,2.569115557726524e+00
1.359327473673206e+00,1.980743384786488e+00,-1.790566005099011e+00
4.976495545052182e+00,-1.120478313451080e+00,-1.856093062328940e+00
2.141762527395868e+00,-3.400867549758725e+00,-2.001144495993496e+00
6.007316835498244e-01,-1.018505064770935e+00,-3.053742960078912e+00
3.255033381261354e+00,7.996782020314281e-01,1.707804125953508e+00
1.436876251842127e+00,4.480532818528904e+00,2.356411456405192e+00
7.099330734342463e+00,-4.312490479113227e+00,7.173054157060132e-01
5.337254136714444e+00,7.394093844960636e-02,-1.959097293887415e+00
1.438344709903109e+00,-1.710802217892756e+00,-1.349138134749235e+00
9.241588405514367e-02,8.311694276694581e-02,-1.512570214117503e-01
8.081570490242127e+00,-4.760245526234684e+00,2.854739807616051e+00
1.761944061642475e+00,-1.869746452984187e+00,-1.587438148473837e+00
6.062166422207660e+00,3.198681475270050e+00,1.455474139977775e+00
3.369219130767456e+00,5.394173385463752e-01,-3.804580337295422e-01
5.854859383150356e+00,-4.941750718388258e-01,-1.270162570591704e+00
3.156536269823240e+00,-2.144749282846604e+00,-2.769883367834343e-01
8.693956069225417e-01,-2.019574772086441e+00,-2.694187652162234e+00
2.229500085577536e+00,-1.168985664094155e+00,1.876708100469752e+00
1.880585664790756e+00,3.355707099645604e+00,-1.612881554478748e+00
4.280193524396438e+00,4.672132068082684e+00,1.416306140506227e+00
6.582837834261573e+00,-6.134461864962546e-01,-2.712147170336843e+00
2.638060749463575e+00,-1.066471612522382e+00,2.859468561418883e+00
1.206993530061795e-01,3.465507758198628e+00,-1.928843733223225e+00
5.189373642647569e+00,-7.309467936369636e-01,2.404839389663738e+00
6.057594893589720e+00,5.201817229565115e-01,1.944477523621406e+00
9.628704940018096e+00,-2.690583354012555e+00,2.939650600806510e+00
5.894708030932469e+00,2.435025357790752e+00,-1.389170742971180e-01
4.711725593781418e+00,3.198831827078186e-01,1.428779335585282e+00
5.734016258977038e+00,3.090345502403416e+00,-8.123489000750976e-01
9.279006298620271e+00,2.807327300286698e+00,-1.983172849353864e+00
8.283781456016463e+00,-2.849952317299715e+00,-3.576644618174596e-01
3.229787333638080e+00,2.156355505577624e+00,-2.100160875421571e+00
2.372543636571373e+00,3.000544079513714e+00,3.028775691296334e+00
2.626336123660736e+00,-1.538927592176049e+00,-2.536858114586854e+00
5.044210397152130e+00,-3.273908870977254e+00,5.605337900256728e-01
7.440494512285778e+00,-4.973678444204118e+00,7.945958372215700e-01
5.032192071829621e+00,-4.909634690685181e-01,2.392608242903727e-01
6.779639582811259e-01,-1.475672684611584e+00,1.019043974136500e+00
7.235807004399809e+00,5.490983382540895e-01,-2.411607315058343e+00
8.059701286709538e+00,-3.119589074112143e+00,3.456915829093892e-01
2.894978651197197e+00,3.596655476664752e+00,-1.336982846645083e+00
6.641257392833504e+00,-2.422447843718904e+00,2.765707773505350e+00
4.265919010543934e+00,-2.735703949123500e+00,1.646644762320745e+00
8.891193557274429e+00,-1.928594351564410e-01,2.968896051735666e+00
8.452255581607398e+00,-1.148976255725742e-02,-2.905620908002822e+00
5.254319983096423e+00,-2.849147712149072e+00,-1.350048076704901e+00
6.915055458135945e+00,-2.281392732740843e+00,-1.913716328532689e+00
8.833497010221040e+00,-3.302947608447551e+00,-3.071506314484448e+00
4.957170100782755e+00,2.184601783231668e+00,-1.619015185754543e+00
3.132507404888219e+00,2.700890312540819e+00,1.123282632932138e+00
7.536661379095813e+00,-3.767150254071741e-01,-1.689618133381904e+00
2.200662547846918e+00,2.140870226850175e+00,5.657031637037901e-02
3.885311480060420e+00,2.359353919374455e+00,2.436733081806163e+00
8.657272371067936e+00,-3.617244723221914e+00,1.217416918286983e+00
7.244223402693151e+00,4.661780248345368e+00,-6.620650797702674e-01
4.038110052474993e+00,3.210319470964309e+00,-8.013012892364633e-01
2.147445024083574e+00,-2.955165388041765e+00,-2.781200830561530e-01
3.559683908322365e+00,-3.138349642539298e+00,-2.029208472360288e+00
2.841041492274330e+00,-3.743388544204173e+00,8.419516529789255e-01
1.760892879438539e+00,-3.616214374580816e+00,-8.535530110237102e-01
7.433329135656566e+00,2.481617990286962e+00,2.213976785242476e+00
2.520698868501715e+00,-3.034574304837641e-01,1.611967904193111e+00
4.541674701677638e+00,2.829341727398672e+00,6.943746888737867e-01
3.858594468361090e+00,2.462548943502054e+00,-8.532425993962054e-01
9.820773786356309e+00,1.046127135052216e+00,-1.822552053309658e+00
3.910922441482205e+00,1.863666065786795e+00,1.735113335098704e+00
7.998248279675479e-01,-4.816442756208582e+00,-8.539414953053726e-02
8.982575257208403e-01,-1.882223531949780e+00,-1.729446515925769e+00
5.907537213530648e+00,1.378221792594102e+00,-1.915274380035994e+00
5.993635517382656e+00,-4.906550465137558e+00,-2.102348120632640e+00
4.187589904826550e+00,-4.670230563174066e+00,1.741455155719313e+00
4.318436923120297e+00,3.518879824703832e+00,-1.702823735378465e+00
5.393258284087121e-01,1.840248616920718e+00,1.673982787315276e-01
5.165465103892623e+00,-2.346302668796560e+00,-3.044431928134750e-01
5.047394753803517e+00,1.879628401187090e+00,5.002100323225083e-01
1.495493185569445e+00,2.924566691392632e+00,2.369734128543069e+00
1.038393861109276e+00,-1.932057168898988e+00,2.310624998115170e+00
1.235724905994905e+00,-4.639626225008126e+00,-3.073981066795510e-01
1.010282464912585e+00,4.327791246877345e+00,-3.045043652746942e+00
6.097081955367598e+00,-1.548201617043695e+00,-4.621671991879372e-01
1.964826524029186e+00,-3.935182367152936e+00,6.672336740607845e-01
2.514301521874635e+00,-8.143128606852645e-02,3.629466856377102e-01
1.735721441514397e+00,2.684677956641338e+00,9.508727964096266e-01
9.578353044485031e+00,-2.783526853824409e+00,-2.173506275121982e+00
8.546174631518355e+00,-2.305099498666366e+00,9.207071796452082e-01
2.304948373515209e+00,-2.572850132014168e+00,-1.993958686366356e+00
3.275662939221260e+00,4.916730528316782e+00,1.574088594609956e+00
2.098928423049972e+00,-3.025962662694575e+00,-1.011042344091128e+00
4.918759594608238e+00,7.552021696612403e-01,1.318811903066440e+00
1.961053247425359e-01,4.252646416569643e+00,-2.840844225823590e+00
6.713680088967957e+00,-3.531034311222208e+00,-5.789325334110762e-01
5.231581498176416e+00,4.708541978677003e+00,1.288269897749558e+00
8.986389283011032e+00,4.474772343956246e+00,-1.716123158743503e+00
1.643926843284141e+00,3.845719870582625e+00,1.855343221270389e+00
8.041092460611317e+00,-2.854434786699978e+00,8.217132975217760e-01
7.919610144667157e+00,1.340550560109834e+00,5.501668402422193e-01
1.271811892168869e+00,2.608914729612401e+00,-9.201796874829244e-01
3.985592241441276e+00,4.860279281964297e+00,-1.102606634639680e-01
1.701526411445169e+00,-3.195761779186296e+00,6.116636975682499e-01
2.547205004575489e+00,2.660258995192964e+00,-1.730256412407454e-01
2.632461748305444e+00,-1.611988300728870e+00,1.246039363201273e+00
5.562363940257727e+00,-3.243735344319977e+00,-4.165944557232968e-01
4.114109317604655e+00,-7.862305878614508e-01,-1.870672770031802e+00
9.477328040063053e+00,2.938359121486164e+00,-1.797407052784904e+00
1.263701419470051e+00,-3.515019629594782e-01,-3.105126498469559e+00
9.736921348501987e+00,3.752310020304854e-01,-1.250619557109209e+00
2.306386402142639e+00,4.951594102001213e+00,1.563995661352445e+00
7.728739363818531e+00,-1.008907004425740e+00,1.848278810088614e+00
3.389699261728214e+00,1.154007547092398e+00,-1.869451567913012e+00
1.430813954173139e+00,-1.347557983846281e+00,2.884258496491421e+00
8.578891852462400e+00,-1.072143536712951e+00,1.509719669051934e-02
3.088608992364632e+00,1.956407534454081e+00,2.619954749239180e+00
6.588554042268422e+00,4.378869760948835e+00,1.299144581027846e+00
5.664436850866266e+00,4.235895049232141e-01,1.397590415360088e+00
4.717563093908743e+00,2.683999289487798e+00,-2.607247821730142e+00
4.958194726485391e+00,-4.107934411830362e+00,-1.759347637361118e+00
7.322379140922876e+00,-2.888419625680730e+00,-3.086207422548725e+00
8.777291412344057e-01,2.131640919532440e-02,1.357970015118829e+00
6.681806619579051e+00,-4.799882763712252e+00,-9.774230605056946e-01
8.958121013985787e+00,-2.471450212374412e+00,1.801090877276962e+00
5.778819701986415e-01,1.740128982496616e-01,-1.011993576410481e+00
1.406533392336667e+00,-4.850388017436993e+00,2.006433140530730e+00
7.166319367020314e+00,-2.354537137739583e+00,-2.320391305964363e+00
4.372816482446176e+00,1.403081947586946e-01,-2.052256982391675e+00
4.035486208136883e+00,7.314924798124567e-01,-9.998021885137827e-01
1.369666345442359e+00,4.257516930553054e+00,-5.749906935965394e-01
5.067700407177881e+00,1.453456232506078e+00,-9.506282759289690e-01
1.265453111963772e+00,-8.526419747000622e-01,1.656543161031394e+00
4.766204563105404e+00,4.303511771330678e+00,-2.532429087927020e+00
7.636152989616567e+00,2.848829833877943e+00,-9.348310361658410e-01
2.582643578871635e+00,-2.999910788872524e+00,2.118941409948785e+00
4.807861681797273e+00,-3.691576386511803e+00,-2.721894239173575e+00
9.920159693968357e+00,1.758116357427330e+00,2.779326228126954e+00
6.866504233540373e+00,5.988316557698381e-01,3.055618837997484e+00
8.413567713051986e+00,2.896736137927557e+00,-2.585102405128322e+00
4.148476065605458e+00,2.388050500786864e+00,-1.311473421367408e+00
7.678609231258553e+00,1.252115338575150e+00,-8.017302603725516e-01
4.050917294132184e-01,4.863821716288921e+00,1.736618186550065e+00
1.229111825422450e+00,3.358973011040867e-01,6.027259364564386e-01
2.030705929200622e+00,-3.868942434982801e+00,9.070764481955882e-01
4.019519246152195e+00,3.282735648159884e+00,1.617981935187656e+00
8.457448783257632e+00,-2.481466376542910e+00,-2.400308737771324e+00
3.462660507879305e+00,2.773021481439183e+00,2.093616763871850e+00
6.546211935154629e+00,4.571070960000513e+00,1.291947332489825e+00
7.093142948034834e+00,1.967955139643412e+00,4.859523913857551e-01
5.861823540883414e+00,9.603016094980106e-01,2.448779329197619e+00
3.572419681701362e+00,-3.961382432495943e-01,1.258561939657452e+00
5.770533417135443e+00,-1.355901340045968e+00,-1.874274411927863e+00
3.422655927897462e+00,-1.469952490281638e+00,-4.414227893868716e-01
8.387373855201208e-01,1.363727057095906e+00,-3.742977094231437e-02
9.928039781860145e+00,2.512731169377459e+00,-2.794650072494318e+00
1.271824536325109e+00,1.785170694844144e+00,2.856571744036565e+00
7.234838383605735e-01,-3.015898988064373e+00,-2.333717897713449e+00
8.785307492071560e+00,-6.012819856508855e-02,1.240685732976032e+00
3.018346608928951e+00,2.916400721830630e+00,3.915075441472382e-02
6.502969740735076e+00,-2.429592181094371e-01,-2.980540477726033e+00
3.290057296622328e+00,3.662327973549386e-01,2.668767099612573e+00
3.914542707944712e+00,2.711360481708222e+00,2.210655867696074e+00
2.621129720167965e+00,1.612653062650915e+00,1.524170561880012e-01
3.430440057930102e+00,-9.065507911760742e-01,-1.703105530967061e+00
4.107004005865431e+00,3.954127111942189e+00,-2.377413493851916e+00
7.204160690923429e+00,-3.374329313365214e+00,-8.583303660822952e-01
5.115361942347918e+00,4.955164485903246e+00,-1.536689431082859e+00
9.435652171569769e+00,-3.811474215237628e+00,4.204205585016130e-02
4.188039383877551e-01,-4.850500288957611e+00,2.930536036534702e+00
5.030683226320281e+00,3.900189011487647e+00,4.709466873822676e-01
5.842247888317181e+00,-2.550464916340439e+00,2.450009081181685e+00
9.201969860742739e+00,2.296996274467209e+00,9.479996949178036e-01
4.915852362142759e-01,3.110153749320693e+00,-1.555306604489628e-01
5.734995849352160e+00,3.589863910321169e+00,2.228065027981081e+00
8.536299285279570e+00,4.915942356641667e+00,-1.798994694778067e-01
2.419277281192366e+00,-2.059602899600010e+00,2.316159104763192e+00
8.762923485239375e+00,2.102433419272591e+00,-1.309561779076457e+00
1.904340927429182e-01,-3.846001417191718e+00,-2.332236241149546e+00
7.324546291337297e+00,-9.319070864315062e-01,2.232506621913599e+00
9.331132211686530e+00,3.479716933125903e+00,5.492456727667809e-01
6.571976616400622e+00,-1.323419539408917e+00,2.444739639813134e+00
4.390292439804480e+00,9.109538053561401e-01,2.750949474058017e+00
4.488101647271803e-01,3.773443724634085e-02,-2.804635539160213e+00
9.201138133226287e+00,1.459515311120451e+00,6.090303197863633e-03
4.702962226915748e+00,4.728943893876949e+00,-7.856209081314920e-01
2.899674433594801e-01,-4.442644734985979e+00,7.907916312561345e-01
6.898210713287619e+00,7.396151750162971e-01,1.844687896578904e+00
4.818372535762582e+00,3.630287792502848e+00,-1.378592331241291e+00
1.243453174424107e+00,-1.861728825157254e-01,3.568747741650506e-01
2.142718093102596e+00,-4.214728140584272e+00,1.311480346446925e+00
6.449068045584627e-01,6.053935241677086e-01,-2.296937249088067e+00
5.742935397085736e+00,-1.679261091761796e+00,1.973340568944352e+00
6.220294792520092e+00,-3.450582146620641e+00,6.667062787469056e-01
5.057422983554444e+00,3.490345132834729e+00,2.824527019899664e+00
8.171021330026150e+00,2.159951299112164e-01,-1.008269537545255e+00
8.610088213080136e+00,4.332764123790668e+00,-2.462091657665616e+00
6.156243966831267e+00,3.060165046030690e+00,4.084825083422983e-02
1.275647970743055e-01,1.929717937736673e+00,-2.602427673587305e+00
6.952296557477356e+00,-4.949744966346881e+00,2.950122152680513e+00
4.179992169203516e+00,-7.217654336175006e-01,-2.898527892259352e+00
5.655574832263870e+00,-3.025137183479677e+00,1.592811986750145e+00
6.490806020188844e+00,4.107979110488678e+00,1.577230191823196e-01
3.502366143270768e+00,-3.254160153236398e+00,-8.254807858895936e-01
9.170985051717942e+00,-2.139399483407145e+00,-2.727894132956113e+00
1.339748667497812e+00,1.683676773449916e-01,7.675974229909350e-01
6.715118072810374e+00,-2.366363810019207e+00,5.354551215022547e-01
4.359579956580428e-02,-2.901353227208788e+00,-1.376750999218939e+00
9.246511054051808e+00,9.909932510275246e-01,2.577498966987484e+00
1.125041332380915e+00,-4.110704772449761e+00,-1.230813123687004e+00
9.488423014757463e-01,-4.418322412790753e+00,-3.158845614921653e-01
3.330076330522442e+00,-1.277547048139286e+00,2.749676200341917e-01
3.735662860390806e+00,2.206644545078623e+00,-2.511817189321538e+00
2.143000723228786e+00,5.480675827394794e-01,2.715352164488564e+00
5.851216609271247e+00,-7.712353153322118e-01,-7.883126035018382e-01
4.429140980419636e+00,6.575156422458237e-01,-2.634041883849000e+00
3.417558904108742e-01,-1.345485153467264e+00,-7.081704415526224e-01
3.196520622553006e+00,4.361463354321129e+00,6.295911716340736e-01
8.104329135731705e+00,-4.450951090892257e+00,8.578226699152269e-02
6.897015348618686e+00,1.733914790298352e+00,1.222343272900713e+00
7.248708535798805e+00,3.912826648277505e+00,-2.792976764004294e+00
6.981169240835236e+00,3.038847087352535e+00,-1.353771271832497e+00
3.109730213830333e+00,-3.159589651785533e+00,2.005784870004194e+00
9.966392207677588e-01,-2.040736510197116e+00,-2.639605808322722e+00
2.724671840330960e+00,2.170479387071047e+00,2.233584127454349e+00
8.317853001851592e+00,-4.157294408192344e+00,-2.564192478063697e+00
9.804707977830711e+00,3.118616998325841e+00,2.101437808931790e+00
4.938470147415614e+00,2.189069446047903e+00,-8.746922729311222e-01
9.700354923042220e-02,2.296066492353425e+00,7.050303375901232e-01
1.400448121342290e+00,-3.997586297324086e+00,-2.180974574893225e+00
3.220805753162658e+00,2.177605448162309e+00,-2.725842313451282e+00
5.785853485929497e+00,1.798181252199700e+00,-1.784812902831733e+00
7.509364580531397e-01,3.309224908218505e+00,-2.338263423439063e+00
9.433572987098817e+00,-4.584040437435305e+00,-1.178688507412881e+00
3.650836732844007e+00,-4.768893315322078e+00,9.037260314758422e-02
9.125842179248231e+00,-1.269929001214392e+00,5.576921573448095e-01
7.805218027570218e+00,-3.512117161508471e+00,1.821295033308355e+00
7.554372725155812e+00,5.838447757022189e-01,9.816842016533940e-01
6.067195797822320e+00,4.173489015067489e+00,6.833487104874676e-01
6.267838170518446e+00,-1.085202696659842e+00,-5.542898687305535e-01
6.380032352162481e+00,3.449503772726041e+00,-1.645664566304950e-01
6.287213870255821e+00,-4.997591254821335e+00,-5.370814688455114e-01
5.537282313983613e+00,-3.314853565408158e+00,2.149892572697651e+00
9.864140184828889e+00,-4.695764603459144e+00,-1.696457189493032e+00
7.322905674256961e+00,-1.718528194849314e+00,-3.105646980581941e+00
7.769463883925212e+00,4.081895956965027e+00,9.507709549358321e-01
8.724628150836741e+00,-4.030478764010122e+00,-1.869485236090793e+00
2.156397627258491e+00,1.064097767438003e+00,2.451165692570155e+00
8.380415909506078e-01,-4.850406088055585e-01,2.255954623409619e+00
4.828944365985986e+00,4.384682123658125e+00,-2.659500357631987e+00
5.140806956192732e+00,-3.774808574629062e+00,-2.473134587837797e+00
8.291817799499178e+00,-2.879721494977710e+00,-3.033778065281822e-02
4.437835792823357e+00,-4.704580313885067e+00,6.862662299234401e-01
5.708530255443128e+00,-6.606475036862625e-01,-1.414292626700211e+00
5.270709385134583e+00,-2.221671004353457e+00,1.362180228195568e+00
3.820278375739106e-01,3.699059338903210e+00,5.963749480534037e-01
6.152148965969140e+00,1.049408131977550e+00,-1.100662579799985e+00
8.280432857742522e+00,1.140907379757017e+00,-2.982178892701033e+00
1.575005480758038e+00,3.191069688130241e-01,1.571740572041687e+00
5.943317339265958e+00,-4.081496627707990e+00,-1.792255575814679e+00
5.936105444464143e+00,-5.498131627464478e-01,2.101560510561741e+00
1.641849640563587e+00,4.995051897085165e+00,-5.008310668662097e-01
1.234635737307360e+00,3.352292908460148e+00,4.842918550588857e-01
9.800519429764847e+00,3.934590541671160e+00,2.343305983237121e+00
3.937191696530375e+00,3.232263592464994e+00,2.284710696732800e+00
2.274217287235293e+00,-3.969583065690173e+00,-8.072663170897729e-01
1.713245444543749e+00,-2.725517459352004e+00,-1.829105032050878e+00
6.676017135832351e+00,-4.968783486435903e+00,1.728793792912398e+00
6.094452973272788e+00,-1.964898751218885e+00,-4.204694814865388e-01
6.435521229874174e+00,-3.913925976535074e+00,-1.934957221298382e+00
8.800602751145226e-01,-2.720665469841697e-01,2.541079368698193e+00
8.935345834984370e+00,1.771274885739019e+00,-1.896867291043542e+00
3.892663968090483e+00,3.745052950380771e+00,-2.979441433590738e+00
3.133694064303580e+00,2.492171650908982e+00,-3.014169820384352e+00
4.623614472477392e+00,4.385855957785052e+00,7.685300505158672e-01
3.900660657476283e+00,-4.461017096062112e+00,1.015834366037754e+00
8.635770031391459e+00,-4.878201645834586e+00,-1.187259982455665e+00
9.292609751978921e+00,1.613381138362127e+00,-1.130904307816640e+00
3.034532164496062e+00,-2.106475897777538e+00,-1.008489474608286e+00
8.639358074599548e+00,-2.464989838942269e+00,1.131969533958213e+00
7.815231295330671e+00,-1.691129123062058e+00,-2.776327271959375e+00
9.308076723447618e+00,-2.302039421076358e+00,2.696217562300631e+00
2.457503121858879e+00,1.143640630158727e-01,-1.743451698275802e+00
5.769591501209791e+00,-5.985155277586749e-01,3.139539341568444e+00
2.745445847404446e+00,1.242855137665630e-01,-2.063883784138277e+00
8.240944904843742e+00,1.727136115004361e+00,1.706176710801799e+00
5.324190571064258e-02,-1.128694910288517e+00,-1.737850233848374e+00
5.648191628863961e+00,-2.486923128578432e+00,-2.633617217372437e+00
3.392034312719180e+00,-3.337994631912546e+00,2.355775554731995e+00
3.226837070778203e+00,-1.505258804673745e+00,2.254100640680387e+00
6.449063238649170e+00,2.418064752461721e+00,-6.058850933377586e-01
8.514844493139940e+00,2.567049101114696e+00,1.271692469039835e+00
6.091953913933263e+00,1.669053866842103e+00,3.585558297800873e-01
8.531729786467224e+00,-2.659718246931254e+00,2.217688667514106e+00
2.645971118810300e+00,8.808624585469769e-01,-1.162037616227601e+00
5.195018547649811e+00,7.068966157684802e-01,1.487380758593018e-01
4.505365390670760e+00,-1.573380189027453e-01,-9.190810232644564e-02
1.164489950309622e-01,4.997898638386422e-01,-9.179367659274469e-01
5.568121431407401e+00,-8.209367376331933e-02,2.459584710041635e+00
6.615243241461749e+00,6.545636607410819e-01,-2.099350914564708e+00
5.919144044190700e+00,2.155059546211287e+00,-2.202202166456946e+00
7.362798987834215e+00,-3.903718055965602e+00,4.832368623219208e-01
5.713395284530771e+00,2.496257521490238e+00,9.895654318069500e-01
6.675025485075692e-01,-3.641138498724058e+00,-1.918763814323438e+00
1.164455240847114e+00,-4.333720015896253e+00,-6.866425611567504e-01
5.964745775439524e+00,4.760796862214676e+00,2.805843376921694e+00
2.749791919736402e+00,4.569917688704415e+00,-1.592049686845253e+00
7.964512903476584e-01,-4.395634550594360e+00,1.057841489850450e+00
4.296027434485468e+00,-5.674655852503783e-01,1.508903142008789e+00
5.543225980836554e+00,-3.137550617002253e+00,-3.259169933848063e-01
3.287459883496066e+00,-1.465510286558196e-01,2.749056851517062e+00
7.204337022257779e+00,3.301772429995873e+00,1.486958121571794e+00
6.437706081012447e+00,4.506117747428902e+00,-2.643676616114146e-01
3.328183610916720e+00,1.342526534515374e+00,4.356459210698858e-01
7.548725289085606e+00,-1.460943327881830e+00,1.210225957693859e+00
6.486950425330354e+00,1.033255656445984e+00,5.792479871390990e-01
6.374453787179021e+00,-1.879986938915497e+00,2.379427094560410e+00
5.534277007870680e+00,4.098236408320604e+00,-8.991950544505989e-01
1.138966808855280e-01,3.704004631058369e+00,-1.257354977838483e+00
6.965071834768891e+00,5.823175027966094e-01,-1.798003285009549e+00
3.760417911091565e+00,-1.752010846196395e+00,-2.904195263784693e+00
9.426097101586556e+00,-2.066103244170217e+00,-2.871327944593483e+00
8.179847710772053e+00,-4.665820052949405e+00,2.325125352189750e+00
5.876944695313123e+00,3.158208510252953e+00,1.120877196399134e+00
2.521819818192694e+00,-4.961678696099199e-01,1.008654913996579e+00
2.037173932776666e+00,-1.748670715997356e+00,7.203220755053255e-01
3.403848376775491e+00,-2.888964500224613e-01,2.194208598927822e+00
4.765679435800186e+00,3.187379904546519e+00,-1.239865627232124e-01
2.960655100389471e+00,-3.753857922924788e+00,2.327359875617729e+00
5.149294953924828e+00,3.576559882418273e+00,-8.831329463427662e-01
1.653704255131859e+00,3.975088351083540e+00,2.681082321726644e+00
9.777128128254999e+00,4.467079150338883e+00,1.248198618415116e+00
1.079245549649939e+00,-1.025120075773722e+00,-1.525701051178586e+00
9.319441396543720e+00,-2.828595959623281e+00,4.026574383657238e-01
9.135780114026948e+00,-1.263591815333015e+00,2.075371386308991e-01
5.253604818194980e+00,-1.670879037685967e+00,-2.275148803016382e+00
7.249102718360843e+00,-3.238460874971399e+00,5.732960847966302e-01
4.360482979725878e+00,1.072666701014880e+00,-1.163736247740041e+00
6.300345775424382e+00,-2.337583949137114e-01,-2.812675651122729e+00
3.405759374211187e+00,3.657009923240036e+00,2.818989778077536e+00
3.011590197854454e+00,-4.678904195179418e+00,8.890102080121505e-01
5.782297861695137e+00,1.438679275551263e+00,2.368251494728730e+00
4.981296741839803e+00,2.629488785115611e+00,1.106192503940008e+00
5.795363691499810e+00,2.594865691883070e+00,-8.985979642323145e-01
2.866605812870230e+00,3.860739670955251e+00,7.972150963281965e-02
3.669578318169953e+00,2.290337428294941e+00,1.104249462397795e+00
8.389796062890931e-01,4.278100616476962e+00,2.891850647300913e+00
5.227637227220572e-01,-1.673434001791085e+00,-1.547740435156157e+00
2.534571296730163e+00,3.209416751543070e-02,2.356050345276475e+00
7.424685933054576e-01,-4.859203367171093e+00,2.664559435325919e+00
1.037747086347407e+00,-4.930424126967088e+00,1.070752257820603e+00
8.129284053939370e+00,-2.598733795484801e+00,2.709728136764979e+00
3.887369701668930e-01,-3.991928028609148e+00,-6.416477587106240e-01
6.589427939347427e+00,-2.397886320642464e+00,2.846384581211991e+00
2.725577488154005e+00,-3.229567054716026e+00,1.274122394356856e+00
8.715456807081264e+00,-4.714799751613517e+00,-2.877662632927111e+00
4.849922845774995e+00,4.093041464060494e+00,2.556457398776023e+00
3.055764593278258e+00,-4.917768686111085e+00,-9.756021814441596e-02
5.176389356894346e+00,2.360821443370854e+00,-2.492729063354329e-01
3.819580190452688e+00,-3.478521130804835e+00,4.176220021093329e-01
5.643010646698302e+00,4.122296219996000e+00,-2.202981864197132e+00
1.145328683263482e+00,3.927959395898858e+00,-1.937354306036099e-01
9.969905028125511e+00,1.539011463692574e+00,2.080533662888210e+00
4.255558776967176e+00,1.722341498006052e+00,-3.044313493817949e+00
3.482306397073687e+00,-4.946608580303114e+00,-1.426803561762528e+00
7.102098483162649e+00,4.848715661136021e+00,-3.126170032110629e+00
3.638994064953325e+00,3.778326035758145e+00,-5.296014639110753e-01
8.332743050287576e+00,3.951062257300920e+00,1.434548660935440e+00
4.542707243604252e+00,1.592445370508719e+00,1.877238766892204e+00
7.195584132654349e+00,-1.552130713454635e+00,2.797209766019997e+00
1.074532164418865e+00,3.936486490904809e+00,6.817545899792532e-01
8.461191855551117e+00,-2.084830718488076e+00,-1.541724866223145e+00
7.357179867781099e+00,6.271154334220288e-01,2.665000162086061e+00
2.117167784619657e+00,-4.002690276561176e+00,1.729859899616250e+00
1.452860097457866e+00,4.219556301327502e+00,4.676479508410232e-01
3.162923487256244e+00,-3.592295422287867e+00,1.229243728898664e+00
9.760705860319042e+00,-2.751031942695927e+00,2.666058287378676e+00
2.568315745670586e+00,5.813415812821496e-01,1.334511039033744e+00
4.561272089466333e+00,2.640930002129815e+00,-8.270273599938776e-01
3.002022571733631e-01,1.193513059362989e+00,1.338495670637733e+00
3.972275295662326e+00,-2.678660871998439e+00,-2.888517493290616e+00
5.713200154331028e+00,-4.990569574725097e+00,-7.136720730303403e-01
9.531246125079651e+00,2.571505803074392e+00,-5.885897499289863e-01
5.167360449400644e+00,4.852073259110938e+00,-2.093317110401021e+00
8.191073261776879e+00,3.099131203060905e+00,-2.996542301377731e+00
5.471276425689005e+00,-3.979338184338470e-01,-2.303533627294084e+00
4.078501343551810e-01,4.037672613991067e+00,9.715155105661868e-01
3.150082751897740e+00,-9.015232688164998e-01,1.899336649501030e+00
5.755495078311032e+00,2.493408424346750e-01,3.067473012415880e+00
9.505939659311244e+00,-2.287023260431678e-01,-9.653265799152511e-01
8.591303597512333e+00,-5.237612733447508e-01,6.244180691498888e-01
2.283556141788476e+00,2.751907692939057e+00,2.746662832600282e+00
2.201098300191635e+00,2.676890726949201e-01,-2.092038187400807e+00
2.011729671139007e+00,-1.832828779747839e+00,1.367507550281207e+00
9.224988963025032e+00,-2.418418323415217e+00,1.602078629766087e+00
8.526661531017206e+00,-4.622526830325667e+00,-2.582542873917136e+00
7.748834322529488e+00,8.319516188304599e-01,2.269796829209893e+00
3.927351142242276e+00,-2.700385845989658e+00,1.967297031610626e+00
5.043807042987668e+00,-3.518660779836169e+00,-2.931715373446834e+00
4.643317447951528e+00,1.538299638276777e+00,-2.569292396302404e+00
2.533981075593727e+00,1.812092578215489e+00,-2.832919275701136e+00
5.050280461487669e+00,2.521548922576660e+00,-1.038337012914638e+00
3.049654785275446e-01,3.576896338591506e-02,5.836444975864019e-02
1.318103734974592e+00,3.940546052038865e+00,2.032467690051663e-01
8.865895961689464e+00,4.363427533982279e+00,-1.459792801386063e+00
7.516797670314233e+00,3.073709397924894e+00,2.586139510116378e+00
4.228684090590871e+00,1.355934820081872e+00,-8.277293030856248e-01
5.171503622838772e+00,-1.962790464088113e+00,-2.855392582888552e+00
3.699988859599774e+00,4.829449216202212e+00,-1.255210077535988e+00
7.407798671606725e+00,-2.258638328080616e+00,1.954662666442792e-01
7.841871792320796e+00,-2.973430780095689e+00,-5.766592958333421e-01
7.632851902031591e+00,-5.784588621341724e-01,-1.420989361104283e+00
7.226117248344496e+00,-4.431594292876115e+00,-2.316464340179559e+00
2.045043386927958e+00,4.784944646717907e+00,2.005369697577948e+00
3.379699792404788e+00,8.843355641642479e-01,3.117372495541781e+00
4.698454349836750e+00,5.695209166417525e-01,-1.071018362135924e+00
3.307929914276556e+00,1.557962798997199e+00,-7.437969159088236e-01
7.549402001583290e+00,-2.976352222793377e-02,7.416516407461042e-01
3.293535242499547e+00,-4.679364829054585e+00,1.372508264536994e+00
1.382320867853372e+00,1.123112888403968e+00,-6.783984405314203e-01
3.990404520483041e+00,2.161738769564306e+00,2.544247191543469e+00
9.799144327823804e+00,-8.325093937594685e-01,3.770161834953019e-01
2.258814129335759e+00,2.572955720711930e+00,-3.117083430165564e-01
6.121586589432290e+00,-2.729987006615794e+00,9.215720876178946e-01
4.329730498397063e+00,-2.787234089338160e+00,2.845050486353580e+00
7.102456764932663e-01,-3.385830123124260e+00,1.850726648506495e+00
4.878766059980595e+00,-1.280052402108382e+00,-2.890182739717241e+00
7.021643286483124e+00,3.470120353890835e+00,-1.053627904998319e+00
5.132199758278188e+00,3.279120621490643e+00,-1.850732027328235e-01
8.721060637465811e+00,-1.171757920364962e+00,-1.165420465035748e+00
2.889370166575826e+00,8.911873598023661e-01,1.257815540890044e+00
8.624917130396492e-01,2.208163164749156e+00,2.050009528602544e+00
9.365656116580061e+00,-2.587932253719770e+00,1.453584102956161e+00
3.781963495282190e+00,-3.318589141052529e+00,3.074571718113313e+00
5.764055514536333e+00,4.720959932123110e+00,-1.429125276841957e+00
7.920031261301959e+00,1.175573132096185e+00,2.356128485484137e+00
3.243136638755806e+00,4.814157218336639e+00,1.675239612385394e+00
7.161645381776111e+00,-1.622440128677709e+00,-8.659564055278919e-01
1.354188498178280e+00,2.030316999741315e+00,1.471047892755591e+00
2.912937472055053e+00,-2.773963634587623e+00,-2.487664133392001e+00
1.447106361365199e+00,-2.387998287260871e+00,1.817935885117262e+00
8.112305584013578e+00,1.190212126962393e-01,2.031391671475458e-01
2.226492352267853e+00,-1.803818744919288e+00,-1.305079334990030e+00
7.174035554052103e+00,-3.323784361594155e+00,9.787776537624406e-01
9.432983972456526e+00,-2.371192980106740e+00,8.898246951251663e-01
5.277722090688770e+00,-4.642516055341353e+00,-1.825351896941454e+00
5.400291922606877e+00,2.044236214774866e+00,-2.950600063469769e+00
4.610335680978120e+00,-7.883342914138414e-02,-4.170615867079923e-01
3.258901433936428e+00,-4.057569335954744e+00,4.367559561394545e-01
4.756550309249171e+00,-3.283060068715088e+00,2.366280751664422e+00
6.028075322667594e+00,-3.974654618873560e+00,2.690565478700488e+00
9.859915721706594e+00,1.125928082758765e+00,1.809885234926973e-01
9.377645593182242e+00,-4.057896363875062e+00,1.594694320125514e+00
8.621529582931217e+00,2.542823330352161e+00,-3.813687875026104e-01
8.891305357048584e+00,-4.794890806796088e+00,1.546179790537868e+00
4.678491832920430e+00,-2.506242120041079e+00,-1.854786721204046e+00
6.574443271774648e+00,3.906666758919071e+00,-8.101241638597547e-01
8.950667229362141e+00,2.185313181222460e+00,8.433793899578235e-01
3.929507649913531e+00,-4.270316670743123e+00,-3.027502790879123e+00
9.617624783454687e+00,3.211261044851797e+00,1.397765636537634e+00
4.157860620691830e+00,-6.964878459795187e-02,2.108231731605283e+00
6.010826653932156e+00,3.467830271688292e+00,-6.337116331210235e-01
7.098047132723719e+00,1.007397744503934e+00,-3.270874395197256e-01
9.505920130759383e+00,1.818330320328587e+00,2.207171234472449e+00
2.446162740522660e+00,4.935015603957082e+00,1.731989154536480e+00
7.461309782386422e+00,-2.676644540759818e+00,-1.331096017823986e+00
5.208155861440822e+00,1.239455747613883e+00,-1.105990740965083e+00
2.685571406206411e+00,-3.967860994260164e-01,1.123925081530852e+00
7.766068397963906e+00,-4.605480470773085e+00,3.970853259120637e-01
5.522222801738465e+00,-4.855293584971349e+00,-2.122274196086237e+00
6.609738206496758e+00,-3.807714221821414e+00,-1.194245601665592e+00
3.229010685779010e+00,1.490917405385481e+00,2.513169048401504e+00
4.812739518276050e+00,6.716308791339216e-01,1.182334856000121e+00
6.173542509880670e+00,5.342956116372743e-01,3.053466692548280e+00
4.049108142698440e+00,-4.681432374717399e+00,1.677689205208019e+00
1.983725398477013e+00,-3.069700363999299e-01,2.777007258193647e+00
9.616404923153040e+00,4.246228178425286e+00,-1.783239782666713e+00
5.114675400426174e+00,-1.024081306893534e+00,1.705789776571197e+00
7.339203702877005e+00,1.249224697884563e+00,-3.014562228049545e+00
4.110471935560581e+00,2.798186756231436e+00,1.072916859471577e+00
3.551317640257163e+00,2.839252791418875e+00,-1.930051387849283e-01
4.071642984671250e+00,1.928008239527133e-01,-9.628348645850813e-01
4.091966437856498e+00,3.579519454023362e+00,2.277053701585872e+00
5.441801159419536e+00,-1.086219066362530e+00,2.225929561314210e+00
5.434698699813632e+00,3.886932147847983e+00,-3.001466909045581e+00
4.971538158828716e+00,-2.597728336044547e+00,6.880409764351665e-01
1.347857849174381e+00,-2.197835930094290e+00,-8.304346262291742e-01
4.960754785005311e+00,-4.468793758009989e+00,-5.299175561946190e-01
1.691039004206515e+00,2.955818365422829e+00,2.086273494044462e+00
1.261357862957652e+00,-8.294476376729438e-01,-1.194811953547205e+00
9.326457173411677e+00,-2.708833860886010e+00,2.783757777361686e+00
6.049500131477043e+00,-2.682097223834203e+00,-2.012920035055910e+00
6.594900581245843e+00,4.013999412292332e+00,1.022415139655591e+00
4.017936703333637e+00,3.339166004610369e+00,1.081368028352045e+00
9.089808919148641e+00,5.353088535718333e-01,-1.557003720764114e+00
6.379304895796655e+00,1.161108004157211e+00,-1.101124398829446e+00
7.691698695235875e+00,-2.567442944970901e-01,2.103600969444155e+00
3.685624690277138e+00,-1.083334571211911e+00,1.644970931275362e+00
9.600118808191255e+00,4.154768812183315e+00,-1.073822253742764e+00
8.204612901583150e+00,-3.743872964796979e+00,2.133552767841307e-01
8.539484630145436e+00,-8.155321028377207e-01,-2.754043922429860e+00
1.721942674257543e+00,-1.554380920121247e+00,-1.830003592368488e+00
2.709632078712195e+00,-1.849279748851629e-02,-8.909205623235827e-02
2.856265996835771e+00,-4.236812545482493e-01,-2.601403743280104e+00
2.709092232468712e+00,1.888953165108145e-01,2.157220807736389e+00
8.554081621042879e+00,-3.600810227730059e+00,1.369773416222279e+00
